<extensions>
  <details>
    <title lang="EN">ShairTunes2 Plugin</title>
  </details>
  <plugins>
    <plugin name="ShairTunes2" version="0.17" minTarget="7.5" maxTarget="*">
      <title lang="EN">ShairTunes2</title>
      <desc lang="EN">Airtunes for LMS</desc>
      <url>
        https://raw.github.com/disaster123/shairport2_plugin/master/ShairTunes2.zip
      </url>
      <link>https://github.com/disaster123/shairport2_plugin</link>
      <sha>d009dcf4e6dd1a3cb4b21b2b071f194230a03a54</sha>
      <creator>disaster123</creator>
      <email>disaster123@users.noreply.github.com</email>
    </plugin>
  </plugins>
</extensions>

