<?xml version="1.0"?>

<extension>
	<name>PLUGIN_SHAIRTUNES</name>
	<module>Plugins::ShairTunes::Plugin</module>
	<playerMenu>RADIO</playerMenu>
	<version>0.23.6</version>
	<description>PLUGIN_SHAIRTUNES_DESC</description>
	<creator>DSTMK</creator>
	<defaultState>enabled</defaultState>
	<homepageURL></homepageURL>
	<optionsURL></optionsURL>
	<icon></icon>
	<type>2</type><!-- type=extension -->
	<targetApplication>
		<id>Squeezecenter</id>
		<minVersion>7.3</minVersion>
		<maxVersion>7.*</maxVersion>
	</targetApplication>
	<targetPlatform>Linux</targetPlatform>

</extension>
